"zvit_date","priority_hosp_area","is_medical","medical_comsum","medical_percent","medical_total","percent_total"
2020-03-02,"Чернівецька",0,0,0,422,15.4635397581532
2020-03-04,"м. Київ",0,0,0,279,11.5960099750623
2020-03-06,"м. Київ",0,0,0,279,11.5960099750623
2020-03-07,"м. Київ",0,0,0,279,11.5960099750623
2020-03-12,"Житомирська",0,0,0,158,27.5261324041812
2020-03-12,"Чернівецька",0,0,0,422,15.4635397581532
2020-03-14,"м. Київ",0,0,0,279,11.5960099750623
2020-03-14,"Рівненська",0,0,0,253,21.2962962962963
2020-03-15,"м. Київ",0,0,0,279,11.5960099750623
2020-03-15,"Чернівецька",0,0,0,422,15.4635397581532
2020-03-17,"Київська",0,0,0,194,16.234309623431
2020-03-17,"м. Київ",0,0,0,279,11.5960099750623
2020-03-17,"Чернівецька",0,0,0,422,15.4635397581532
2020-03-18,"Донецька",0,0,0,38,29.0076335877863
2020-03-18,"Київська",0,0,0,194,16.234309623431
2020-03-19,"Дніпропетровська",0,0,0,205,24.3179122182681
2020-03-19,"Житомирська",0,0,0,158,27.5261324041812
2020-03-19,"Івано-Франківська",0,0,0,272,21.9709208400646
2020-03-19,"м. Київ",0,0,0,279,11.5960099750623
2020-03-19,"Чернівецька",0,0,0,422,15.4635397581532
2020-03-20,"Івано-Франківська",0,0,0,272,21.9709208400646
2020-03-20,"Київська",0,0,0,194,16.234309623431
2020-03-20,"м. Київ",0,0,0,279,11.5960099750623
2020-03-20,"Львівська",0,0,0,206,18.7613843351548
2020-03-20,"Тернопільська",0,0,0,246,22.7777777777778
2020-03-20,"Чернівецька",0,0,0,422,15.4635397581532
2020-03-21,"м. Київ",0,0,0,279,11.5960099750623
2020-03-22,"Івано-Франківська",2,2,40,272,21.9709208400646
2020-03-22,"м. Київ",0,0,0,279,11.5960099750623
2020-03-22,"Черкаська",0,0,0,82,21.7506631299735
2020-03-23,"Київська",0,0,0,194,16.234309623431
2020-03-23,"м. Київ",0,0,0,279,11.5960099750623
2020-03-23,"Львівська",0,0,0,206,18.7613843351548
2020-03-23,"Тернопільська",0,0,0,246,22.7777777777778
2020-03-24,"Волинська",0,0,0,146,22.992125984252
2020-03-24,"Запорізька",0,0,0,64,16.6233766233766
2020-03-24,"Київська",0,0,0,194,16.234309623431
2020-03-24,"Луганська",0,0,0,1,2.38095238095238
2020-03-24,"м. Київ",0,0,0,279,11.5960099750623
2020-03-24,"Одеська",0,0,0,163,20.8173690932312
2020-03-24,"Тернопільська",1,1,20,246,22.7777777777778
2020-03-24,"Чернівецька",0,0,0,422,15.4635397581532
2020-03-25,"Вінницька",1,1,100,201,26.6932270916335
2020-03-25,"Волинська",1,1,50,146,22.992125984252
2020-03-25,"Дніпропетровська",0,0,0,205,24.3179122182681
2020-03-25,"Запорізька",0,0,0,64,16.6233766233766
2020-03-25,"Івано-Франківська",1,3,18.75,272,21.9709208400646
2020-03-25,"м. Київ",0,0,0,279,11.5960099750623
2020-03-25,"Одеська",0,0,0,163,20.8173690932312
2020-03-25,"Сумська",0,0,0,10,6.09756097560976
2020-03-25,"Тернопільська",7,8,53.3333333333333,246,22.7777777777778
2020-03-25,"Харківська",0,0,0,193,23.6519607843137
2020-03-25,"Херсонська",0,0,0,26,15.3846153846154
2020-03-25,"Черкаська",0,0,0,82,21.7506631299735
2020-03-25,"Чернівецька",0,0,0,422,15.4635397581532
2020-03-26,"Вінницька",6,7,53.8461538461538,201,26.6932270916335
2020-03-26,"Донецька",0,0,0,38,29.0076335877863
2020-03-26,"Житомирська",0,0,0,158,27.5261324041812
2020-03-26,"Закарпатська",0,0,0,209,22.9418221734358
2020-03-26,"Івано-Франківська",1,4,16.6666666666667,272,21.9709208400646
2020-03-26,"Київська",0,0,0,194,16.234309623431
2020-03-26,"Львівська",0,0,0,206,18.7613843351548
2020-03-26,"м. Київ",0,0,0,279,11.5960099750623
2020-03-26,"Одеська",0,0,0,163,20.8173690932312
2020-03-26,"Рівненська",0,0,0,253,21.2962962962963
2020-03-26,"Сумська",0,0,0,10,6.09756097560976
2020-03-26,"Тернопільська",4,12,46.1538461538462,246,22.7777777777778
2020-03-26,"Чернівецька",0,0,0,422,15.4635397581532
2020-03-27,"Вінницька",0,7,43.75,201,26.6932270916335
2020-03-27,"Дніпропетровська",0,0,0,205,24.3179122182681
2020-03-27,"Житомирська",0,0,0,158,27.5261324041812
2020-03-27,"Запорізька",0,0,0,64,16.6233766233766
2020-03-27,"Івано-Франківська",1,5,17.8571428571429,272,21.9709208400646
2020-03-27,"Київська",0,0,0,194,16.234309623431
2020-03-27,"м. Київ",0,0,0,279,11.5960099750623
2020-03-27,"Луганська",0,0,0,1,2.38095238095238
2020-03-27,"Львівська",0,0,0,206,18.7613843351548
2020-03-27,"Одеська",0,0,0,163,20.8173690932312
2020-03-27,"Полтавська",0,0,0,65,24.6212121212121
2020-03-27,"Сумська",1,1,20,10,6.09756097560976
2020-03-27,"Тернопільська",10,22,51.1627906976744,246,22.7777777777778
2020-03-27,"Хмельницька",0,0,0,26,9.73782771535581
2020-03-27,"Черкаська",0,0,0,82,21.7506631299735
2020-03-27,"Чернівецька",0,0,0,422,15.4635397581532
2020-03-27,"Чернігівська",0,0,0,19,15.5737704918033
2020-03-28,"Вінницька",6,13,56.5217391304348,201,26.6932270916335
2020-03-28,"Закарпатська",0,0,0,209,22.9418221734358
2020-03-28,"Запорізька",0,0,0,64,16.6233766233766
2020-03-28,"Івано-Франківська",2,7,16.6666666666667,272,21.9709208400646
2020-03-28,"Київська",1,1,2.63157894736842,194,16.234309623431
2020-03-28,"Кіровоградська",0,0,0,169,38.2352941176471
2020-03-28,"Львівська",0,0,0,206,18.7613843351548
2020-03-28,"м. Київ",1,1,0.961538461538461,279,11.5960099750623
2020-03-28,"Одеська",0,0,0,163,20.8173690932312
2020-03-28,"Сумська",0,1,16.6666666666667,10,6.09756097560976
2020-03-28,"Тернопільська",4,26,45.6140350877193,246,22.7777777777778
2020-03-28,"Черкаська",5,5,14.2857142857143,82,21.7506631299735
2020-03-29,"Дніпропетровська",0,0,0,205,24.3179122182681
2020-03-29,"Донецька",0,0,0,38,29.0076335877863
2020-03-29,"Запорізька",0,0,0,64,16.6233766233766
2020-03-29,"Київська",0,1,2.4390243902439,194,16.234309623431
2020-03-29,"м. Київ",1,2,1.52671755725191,279,11.5960099750623
2020-03-29,"Рівненська",0,0,0,253,21.2962962962963
2020-03-29,"Сумська",0,1,11.1111111111111,10,6.09756097560976
2020-03-29,"Тернопільська",1,27,45,246,22.7777777777778
2020-03-29,"Черкаська",0,5,10,82,21.7506631299735
2020-03-29,"Чернівецька",2,2,2.66666666666667,422,15.4635397581532
2020-03-29,"Чернігівська",0,0,0,19,15.5737704918033
2020-03-30,"Вінницька",3,16,44.4444444444444,201,26.6932270916335
2020-03-30,"Волинська",1,2,66.6666666666667,146,22.992125984252
2020-03-30,"Дніпропетровська",0,0,0,205,24.3179122182681
2020-03-30,"Донецька",0,0,0,38,29.0076335877863
2020-03-30,"Закарпатська",1,1,4.76190476190476,209,22.9418221734358
2020-03-30,"Івано-Франківська",0,7,14.8936170212766,272,21.9709208400646
2020-03-30,"Київська",0,1,2.32558139534884,194,16.234309623431
2020-03-30,"м. Київ",1,3,2.15827338129496,279,11.5960099750623
2020-03-30,"Одеська",0,0,0,163,20.8173690932312
2020-03-30,"Рівненська",0,0,0,253,21.2962962962963
2020-03-30,"Сумська",0,1,5.88235294117647,10,6.09756097560976
2020-03-30,"Тернопільська",3,30,38.4615384615385,246,22.7777777777778
2020-03-30,"Хмельницька",0,0,0,26,9.73782771535581
2020-03-30,"Черкаська",0,5,9.80392156862745,82,21.7506631299735
2020-03-30,"Чернівецька",4,6,6.66666666666667,422,15.4635397581532
2020-03-31,"Вінницька",7,23,46,201,26.6932270916335
2020-03-31,"Волинська",4,6,85.7142857142857,146,22.992125984252
2020-03-31,"Закарпатська",0,1,4.54545454545455,209,22.9418221734358
2020-03-31,"Запорізька",1,1,5.26315789473684,64,16.6233766233766
2020-03-31,"Івано-Франківська",1,8,11.7647058823529,272,21.9709208400646
2020-03-31,"Київська",0,1,2.08333333333333,194,16.234309623431
2020-03-31,"Кіровоградська",1,1,20,169,38.2352941176471
2020-03-31,"Луганська",0,0,0,1,2.38095238095238
2020-03-31,"Львівська",0,0,0,206,18.7613843351548
2020-03-31,"м. Київ",0,3,1.78571428571429,279,11.5960099750623
2020-03-31,"Одеська",0,0,0,163,20.8173690932312
2020-03-31,"Полтавська",0,0,0,65,24.6212121212121
2020-03-31,"Рівненська",2,2,11.1111111111111,253,21.2962962962963
2020-03-31,"Сумська",0,1,5.26315789473684,10,6.09756097560976
2020-03-31,"Тернопільська",5,35,35.7142857142857,246,22.7777777777778
2020-03-31,"Харківська",0,0,0,193,23.6519607843137
2020-03-31,"Хмельницька",0,0,0,26,9.73782771535581
2020-03-31,"Черкаська",0,5,9.61538461538461,82,21.7506631299735
2020-03-31,"Чернівецька",5,11,10.5769230769231,422,15.4635397581532
2020-03-31,"Чернігівська",0,0,0,19,15.5737704918033
2020-04-01,"Вінницька",1,24,44.4444444444444,201,26.6932270916335
2020-04-01,"Волинська",3,9,90,146,22.992125984252
2020-04-01,"Дніпропетровська",0,0,0,205,24.3179122182681
2020-04-01,"Житомирська",0,0,0,158,27.5261324041812
2020-04-01,"Запорізька",1,2,9.09090909090909,64,16.6233766233766
2020-04-01,"Івано-Франківська",4,12,15,272,21.9709208400646
2020-04-01,"Київська",0,1,1.81818181818182,194,16.234309623431
2020-04-01,"Львівська",1,1,8.33333333333333,206,18.7613843351548
2020-04-01,"м. Київ",3,6,2.69058295964126,279,11.5960099750623
2020-04-01,"Одеська",0,0,0,163,20.8173690932312
2020-04-01,"Полтавська",0,0,0,65,24.6212121212121
2020-04-01,"Рівненська",0,2,9.09090909090909,253,21.2962962962963
2020-04-01,"Сумська",0,1,3.84615384615385,10,6.09756097560976
2020-04-01,"Тернопільська",0,35,31.5315315315315,246,22.7777777777778
2020-04-01,"Херсонська",1,1,25,26,15.3846153846154
2020-04-01,"Хмельницька",2,2,33.3333333333333,26,9.73782771535581
2020-04-01,"Чернівецька",5,16,11.1888111888112,422,15.4635397581532
2020-04-02,"Вінницька",1,25,40.9836065573771,201,26.6932270916335
2020-04-02,"Дніпропетровська",0,0,0,205,24.3179122182681
2020-04-02,"Донецька",1,1,12.5,38,29.0076335877863
2020-04-02,"Закарпатська",0,1,4.16666666666667,209,22.9418221734358
2020-04-02,"Запорізька",0,2,7.14285714285714,64,16.6233766233766
2020-04-02,"Івано-Франківська",2,14,14.4329896907216,272,21.9709208400646
2020-04-02,"Київська",0,1,1.69491525423729,194,16.234309623431
2020-04-02,"м. Київ",1,7,2.9045643153527,279,11.5960099750623
2020-04-02,"Кіровоградська",2,3,23.0769230769231,169,38.2352941176471
2020-04-02,"Львівська",1,2,15.3846153846154,206,18.7613843351548
2020-04-02,"Одеська",0,0,0,163,20.8173690932312
2020-04-02,"Рівненська",1,3,10.3448275862069,253,21.2962962962963
2020-04-02,"Сумська",0,1,3.33333333333333,10,6.09756097560976
2020-04-02,"Тернопільська",4,39,32.7731092436975,246,22.7777777777778
2020-04-02,"Хмельницька",0,2,22.2222222222222,26,9.73782771535581
2020-04-02,"Черкаська",0,5,9.25925925925926,82,21.7506631299735
2020-04-02,"Чернівецька",6,22,12.8654970760234,422,15.4635397581532
2020-04-03,"Вінницька",2,27,40.9090909090909,201,26.6932270916335
2020-04-03,"Волинська",4,13,76.4705882352941,146,22.992125984252
2020-04-03,"Дніпропетровська",0,0,0,205,24.3179122182681
2020-04-03,"Донецька",0,1,11.1111111111111,38,29.0076335877863
2020-04-03,"Житомирська",0,0,0,158,27.5261324041812
2020-04-03,"Закарпатська",0,1,3.7037037037037,209,22.9418221734358
2020-04-03,"Запорізька",0,2,6.25,64,16.6233766233766
2020-04-03,"Івано-Франківська",1,15,14.7058823529412,272,21.9709208400646
2020-04-03,"Київська",0,1,1.63934426229508,194,16.234309623431
2020-04-03,"Львівська",1,3,20,206,18.7613843351548
2020-04-03,"м. Київ",2,9,3.2258064516129,279,11.5960099750623
2020-04-03,"Одеська",0,0,0,163,20.8173690932312
2020-04-03,"Полтавська",0,0,0,65,24.6212121212121
2020-04-03,"Рівненська",2,5,14.2857142857143,253,21.2962962962963
2020-04-03,"Сумська",0,1,2.7027027027027,10,6.09756097560976
2020-04-03,"Тернопільська",5,44,32.5925925925926,246,22.7777777777778
2020-04-03,"Харківська",0,0,0,193,23.6519607843137
2020-04-03,"Херсонська",0,1,12.5,26,15.3846153846154
2020-04-03,"Черкаська",0,5,8.92857142857143,82,21.7506631299735
2020-04-03,"Чернівецька",4,26,12.8712871287129,422,15.4635397581532
2020-04-03,"Чернігівська",0,0,0,19,15.5737704918033
2020-04-04,"Вінницька",2,29,39.1891891891892,201,26.6932270916335
2020-04-04,"Волинська",0,13,68.4210526315789,146,22.992125984252
2020-04-04,"Житомирська",0,0,0,158,27.5261324041812
2020-04-04,"Закарпатська",0,1,3.57142857142857,209,22.9418221734358
2020-04-04,"Запорізька",0,2,5,64,16.6233766233766
2020-04-04,"Івано-Франківська",1,16,13.6752136752137,272,21.9709208400646
2020-04-04,"Київська",1,2,2.8169014084507,194,16.234309623431
2020-04-04,"Кіровоградська",10,13,37.1428571428571,169,38.2352941176471
2020-04-04,"Львівська",2,5,23.8095238095238,206,18.7613843351548
2020-04-04,"м. Київ",2,11,3.64238410596026,279,11.5960099750623
2020-04-04,"Полтавська",0,0,0,65,24.6212121212121
2020-04-04,"Рівненська",0,5,11.6279069767442,253,21.2962962962963
2020-04-04,"Сумська",0,1,2.04081632653061,10,6.09756097560976
2020-04-04,"Тернопільська",0,44,27.5,246,22.7777777777778
2020-04-04,"Херсонська",0,1,10,26,15.3846153846154
2020-04-04,"Черкаська",0,5,8.33333333333333,82,21.7506631299735
2020-04-04,"Чернівецька",6,32,14.5454545454545,422,15.4635397581532
2020-04-05,"Волинська",3,16,61.5384615384615,146,22.992125984252
2020-04-05,"Закарпатська",0,1,2.85714285714286,209,22.9418221734358
2020-04-05,"Запорізька",0,2,4.8780487804878,64,16.6233766233766
2020-04-05,"Івано-Франківська",4,20,13.0718954248366,272,21.9709208400646
2020-04-05,"Київська",0,2,2.5,194,16.234309623431
2020-04-05,"м. Київ",3,14,4.3343653250774,279,11.5960099750623
2020-04-05,"Кіровоградська",1,14,35.8974358974359,169,38.2352941176471
2020-04-05,"Львівська",1,6,21.4285714285714,206,18.7613843351548
2020-04-05,"Одеська",0,0,0,163,20.8173690932312
2020-04-05,"Полтавська",0,0,0,65,24.6212121212121
2020-04-05,"Рівненська",1,6,13.6363636363636,253,21.2962962962963
2020-04-05,"Сумська",0,1,1.96078431372549,10,6.09756097560976
2020-04-05,"Черкаська",0,5,7.93650793650794,82,21.7506631299735
2020-04-06,"Вінницька",2,31,38.75,201,26.6932270916335
2020-04-06,"Волинська",4,20,58.8235294117647,146,22.992125984252
2020-04-06,"Дніпропетровська",0,0,0,205,24.3179122182681
2020-04-06,"Житомирська",1,1,7.14285714285714,158,27.5261324041812
2020-04-06,"Закарпатська",3,4,9.75609756097561,209,22.9418221734358
2020-04-06,"Запорізька",0,2,4.54545454545455,64,16.6233766233766
2020-04-06,"Івано-Франківська",4,24,12.2448979591837,272,21.9709208400646
2020-04-06,"Київська",1,3,3.52941176470588,194,16.234309623431
2020-04-06,"м. Київ",3,17,5,279,11.5960099750623
2020-04-06,"Кіровоградська",9,23,45.0980392156863,169,38.2352941176471
2020-04-06,"Львівська",3,9,29.0322580645161,206,18.7613843351548
2020-04-06,"Одеська",0,0,0,163,20.8173690932312
2020-04-06,"Рівненська",3,9,18.75,253,21.2962962962963
2020-04-06,"Сумська",1,2,3.57142857142857,10,6.09756097560976
2020-04-06,"Тернопільська",1,45,26.7857142857143,246,22.7777777777778
2020-04-06,"Харківська",0,0,0,193,23.6519607843137
2020-04-06,"Херсонська",0,1,7.69230769230769,26,15.3846153846154
2020-04-06,"Хмельницька",0,2,20,26,9.73782771535581
2020-04-06,"Черкаська",3,8,10.3896103896104,82,21.7506631299735
2020-04-06,"Чернівецька",7,39,15.7258064516129,422,15.4635397581532
2020-04-07,"Вінницька",3,34,38.6363636363636,201,26.6932270916335
2020-04-07,"Волинська",0,20,55.5555555555556,146,22.992125984252
2020-04-07,"Дніпропетровська",0,0,0,205,24.3179122182681
2020-04-07,"Донецька",1,2,18.1818181818182,38,29.0076335877863
2020-04-07,"Житомирська",0,1,3.7037037037037,158,27.5261324041812
2020-04-07,"Закарпатська",0,4,9.30232558139535,209,22.9418221734358
2020-04-07,"Запорізька",0,2,4.44444444444444,64,16.6233766233766
2020-04-07,"Івано-Франківська",6,30,14.218009478673,272,21.9709208400646
2020-04-07,"Київська",1,4,3.84615384615385,194,16.234309623431
2020-04-07,"м. Київ",4,21,5.78512396694215,279,11.5960099750623
2020-04-07,"Кіровоградська",1,24,43.6363636363636,169,38.2352941176471
2020-04-07,"Львівська",0,9,24.3243243243243,206,18.7613843351548
2020-04-07,"Одеська",0,0,0,163,20.8173690932312
2020-04-07,"Полтавська",0,0,0,65,24.6212121212121
2020-04-07,"Рівненська",6,15,25.8620689655172,253,21.2962962962963
2020-04-07,"Херсонська",2,3,20,26,15.3846153846154
2020-04-07,"Черкаська",0,8,10,82,21.7506631299735
2020-04-07,"Чернівецька",14,53,19.3430656934307,422,15.4635397581532
2020-04-08,"Вінницька",1,35,34.3137254901961,201,26.6932270916335
2020-04-08,"Волинська",1,21,53.8461538461538,146,22.992125984252
2020-04-08,"Дніпропетровська",0,0,0,205,24.3179122182681
2020-04-08,"Житомирська",0,1,3.2258064516129,158,27.5261324041812
2020-04-08,"Закарпатська",1,5,9.80392156862745,209,22.9418221734358
2020-04-08,"Запорізька",1,3,5.66037735849057,64,16.6233766233766
2020-04-08,"Івано-Франківська",10,40,14.3884892086331,272,21.9709208400646
2020-04-08,"Київська",2,6,5.26315789473684,194,16.234309623431
2020-04-08,"м. Київ",6,27,6.35294117647059,279,11.5960099750623
2020-04-08,"Кіровоградська",7,31,40.7894736842105,169,38.2352941176471
2020-04-08,"Львівська",10,19,29.2307692307692,206,18.7613843351548
2020-04-08,"Одеська",3,3,6.97674418604651,163,20.8173690932312
2020-04-08,"Полтавська",2,2,10.5263157894737,65,24.6212121212121
2020-04-08,"Рівненська",1,16,22.8571428571429,253,21.2962962962963
2020-04-08,"Сумська",1,3,5.26315789473684,10,6.09756097560976
2020-04-08,"Херсонська",2,5,27.7777777777778,26,15.3846153846154
2020-04-08,"Хмельницька",0,2,16.6666666666667,26,9.73782771535581
2020-04-08,"Чернівецька",14,67,22.1122112211221,422,15.4635397581532
2020-04-08,"Чернігівська",0,0,0,19,15.5737704918033
2020-04-09,"Вінницька",7,42,35.2941176470588,201,26.6932270916335
2020-04-09,"Волинська",2,23,52.2727272727273,146,22.992125984252
2020-04-09,"Дніпропетровська",1,1,1.92307692307692,205,24.3179122182681
2020-04-09,"Житомирська",0,1,2.4390243902439,158,27.5261324041812
2020-04-09,"Закарпатська",1,6,10.7142857142857,209,22.9418221734358
2020-04-09,"Запорізька",0,3,5.55555555555556,64,16.6233766233766
2020-04-09,"Івано-Франківська",1,41,14.3859649122807,272,21.9709208400646
2020-04-09,"Київська",1,7,5.64516129032258,194,16.234309623431
2020-04-09,"Кіровоградська",1,32,40,169,38.2352941176471
2020-04-09,"Львівська",2,21,25,206,18.7613843351548
2020-04-09,"м. Київ",3,30,6.65188470066519,279,11.5960099750623
2020-04-09,"Одеська",1,4,8,163,20.8173690932312
2020-04-09,"Полтавська",0,2,10,65,24.6212121212121
2020-04-09,"Рівненська",3,19,21.3483146067416,253,21.2962962962963
2020-04-09,"Сумська",2,5,7.57575757575758,10,6.09756097560976
2020-04-09,"Тернопільська",2,47,24.1025641025641,246,22.7777777777778
2020-04-09,"Харківська",0,0,0,193,23.6519607843137
2020-04-09,"Херсонська",7,12,44.4444444444444,26,15.3846153846154
2020-04-09,"Хмельницька",0,2,15.3846153846154,26,9.73782771535581
2020-04-09,"Черкаська",3,11,12.6436781609195,82,21.7506631299735
2020-04-09,"Чернівецька",15,82,22.4043715846995,422,15.4635397581532
2020-04-10,"Вінницька",9,51,33.5526315789474,201,26.6932270916335
2020-04-10,"Волинська",3,26,42.6229508196721,146,22.992125984252
2020-04-10,"Дніпропетровська",1,2,3.63636363636364,205,24.3179122182681
2020-04-10,"Житомирська",5,6,8.10810810810811,158,27.5261324041812
2020-04-10,"Закарпатська",6,12,15.1898734177215,209,22.9418221734358
2020-04-10,"Запорізька",5,8,9.52380952380952,64,16.6233766233766
2020-04-10,"Івано-Франківська",9,50,15.5763239875389,272,21.9709208400646
2020-04-10,"Київська",3,10,7.40740740740741,194,16.234309623431
2020-04-10,"м. Київ",11,41,7.77988614800759,279,11.5960099750623
2020-04-10,"Кіровоградська",10,42,40.3846153846154,169,38.2352941176471
2020-04-10,"Львівська",2,23,23.2323232323232,206,18.7613843351548
2020-04-10,"Миколаївська",0,0,0,49,18.5606060606061
2020-04-10,"Одеська",1,5,9.43396226415094,163,20.8173690932312
2020-04-10,"Полтавська",0,2,8.33333333333333,65,24.6212121212121
2020-04-10,"Рівненська",5,24,20.5128205128205,253,21.2962962962963
2020-04-10,"Сумська",0,5,7.2463768115942,10,6.09756097560976
2020-04-10,"Тернопільська",1,48,23.1884057971015,246,22.7777777777778
2020-04-10,"Харківська",0,0,0,193,23.6519607843137
2020-04-10,"Херсонська",0,12,42.8571428571429,26,15.3846153846154
2020-04-10,"Хмельницька",1,3,21.4285714285714,26,9.73782771535581
2020-04-10,"Черкаська",2,13,13.5416666666667,82,21.7506631299735
2020-04-10,"Чернівецька",12,94,23.0392156862745,422,15.4635397581532
2020-04-11,"Вінницька",31,82,42.2680412371134,201,26.6932270916335
2020-04-11,"Волинська",7,33,46.4788732394366,146,22.992125984252
2020-04-11,"Дніпропетровська",0,2,3.44827586206897,205,24.3179122182681
2020-04-11,"Житомирська",4,10,10.6382978723404,158,27.5261324041812
2020-04-11,"Закарпатська",2,14,16.0919540229885,209,22.9418221734358
2020-04-11,"Івано-Франківська",23,73,20.4481792717087,272,21.9709208400646
2020-04-11,"Київська",8,18,8.95522388059702,194,16.234309623431
2020-04-11,"м. Київ",9,50,9.00900900900901,279,11.5960099750623
2020-04-11,"Кіровоградська",2,44,37.9310344827586,169,38.2352941176471
2020-04-11,"Львівська",0,23,20.1754385964912,206,18.7613843351548
2020-04-11,"Миколаївська",0,0,0,49,18.5606060606061
2020-04-11,"Одеська",0,5,7.46268656716418,163,20.8173690932312
2020-04-11,"Полтавська",0,2,8,65,24.6212121212121
2020-04-11,"Рівненська",1,25,20,253,21.2962962962963
2020-04-11,"Сумська",0,5,6.84931506849315,10,6.09756097560976
2020-04-11,"Тернопільська",7,55,22.7272727272727,246,22.7777777777778
2020-04-11,"Харківська",1,1,9.09090909090909,193,23.6519607843137
2020-04-11,"Херсонська",0,12,38.7096774193548,26,15.3846153846154
2020-04-11,"Черкаська",2,15,15,82,21.7506631299735
2020-04-11,"Чернівецька",7,101,23.3796296296296,422,15.4635397581532
2020-04-12,"Волинська",2,35,44.8717948717949,146,22.992125984252
2020-04-12,"Дніпропетровська",0,2,3.33333333333333,205,24.3179122182681
2020-04-12,"Закарпатська",1,15,16.1290322580645,209,22.9418221734358
2020-04-12,"Запорізька",1,9,10.2272727272727,64,16.6233766233766
2020-04-12,"Івано-Франківська",0,73,20.2216066481994,272,21.9709208400646
2020-04-12,"Київська",1,19,9.26829268292683,194,16.234309623431
2020-04-12,"м. Київ",1,51,8.21256038647343,279,11.5960099750623
2020-04-12,"Кіровоградська",12,56,40,169,38.2352941176471
2020-04-12,"Львівська",5,28,22.2222222222222,206,18.7613843351548
2020-04-12,"Одеська",0,5,7.2463768115942,163,20.8173690932312
2020-04-12,"Рівненська",2,27,20.7692307692308,253,21.2962962962963
2020-04-12,"Сумська",0,5,6.75675675675676,10,6.09756097560976
2020-04-12,"Тернопільська",12,67,24.6323529411765,246,22.7777777777778
2020-04-12,"Хмельницька",0,3,20,26,9.73782771535581
2020-04-12,"Черкаська",1,16,15.5339805825243,82,21.7506631299735
2020-04-12,"Чернівецька",8,109,23.5421166306695,422,15.4635397581532
2020-04-13,"Вінницька",8,90,42.4528301886792,201,26.6932270916335
2020-04-13,"Волинська",1,36,40,146,22.992125984252
2020-04-13,"Дніпропетровська",0,2,2.77777777777778,205,24.3179122182681
2020-04-13,"Донецька",0,2,16.6666666666667,38,29.0076335877863
2020-04-13,"Житомирська",4,14,12.5,158,27.5261324041812
2020-04-13,"Закарпатська",0,15,15,209,22.9418221734358
2020-04-13,"Запорізька",4,13,13.5416666666667,64,16.6233766233766
2020-04-13,"Івано-Франківська",5,78,20.4724409448819,272,21.9709208400646
2020-04-13,"Київська",1,20,9.30232558139535,194,16.234309623431
2020-04-13,"Кіровоградська",0,56,39.4366197183099,169,38.2352941176471
2020-04-13,"Львівська",3,31,22.1428571428571,206,18.7613843351548
2020-04-13,"Миколаївська",0,0,0,49,18.5606060606061
2020-04-13,"м. Київ",0,51,7.94392523364486,279,11.5960099750623
2020-04-13,"Полтавська",0,2,7.69230769230769,65,24.6212121212121
2020-04-13,"Рівненська",7,34,22.5165562913907,253,21.2962962962963
2020-04-13,"Тернопільська",1,68,24.3727598566308,246,22.7777777777778
2020-04-13,"Харківська",0,1,7.14285714285714,193,23.6519607843137
2020-04-13,"Херсонська",0,12,35.2941176470588,26,15.3846153846154
2020-04-13,"Хмельницька",0,3,17.6470588235294,26,9.73782771535581
2020-04-13,"Черкаська",1,17,15.8878504672897,82,21.7506631299735
2020-04-13,"Чернівецька",27,136,24.8628884826325,422,15.4635397581532
2020-04-13,"Чернігівська",0,0,0,19,15.5737704918033
2020-04-14,"Вінницька",7,97,40.0826446280992,201,26.6932270916335
2020-04-14,"Волинська",3,39,37.1428571428571,146,22.992125984252
2020-04-14,"Дніпропетровська",0,2,2.5974025974026,205,24.3179122182681
2020-04-14,"Житомирська",10,24,17.910447761194,158,27.5261324041812
2020-04-14,"Закарпатська",6,21,18.9189189189189,209,22.9418221734358
2020-04-14,"Запорізька",1,14,12.7272727272727,64,16.6233766233766
2020-04-14,"Івано-Франківська",13,91,21.1136890951276,272,21.9709208400646
2020-04-14,"Київська",0,20,9.09090909090909,194,16.234309623431
2020-04-14,"м. Київ",6,57,8.30903790087464,279,11.5960099750623
2020-04-14,"Кіровоградська",24,80,42.1052631578947,169,38.2352941176471
2020-04-14,"Луганська",0,0,0,1,2.38095238095238
2020-04-14,"Львівська",1,32,20.7792207792208,206,18.7613843351548
2020-04-14,"Миколаївська",1,1,4.54545454545455,49,18.5606060606061
2020-04-14,"Одеська",1,6,8.57142857142857,163,20.8173690932312
2020-04-14,"Полтавська",0,2,7.14285714285714,65,24.6212121212121
2020-04-14,"Рівненська",19,53,25.8536585365854,253,21.2962962962963
2020-04-14,"Сумська",1,6,7.79220779220779,10,6.09756097560976
2020-04-14,"Тернопільська",0,68,23.7762237762238,246,22.7777777777778
2020-04-14,"Харківська",4,5,16.6666666666667,193,23.6519607843137
2020-04-14,"Херсонська",0,12,29.2682926829268,26,15.3846153846154
2020-04-14,"Черкаська",3,20,17.8571428571429,82,21.7506631299735
2020-04-14,"Чернівецька",4,140,23.728813559322,422,15.4635397581532
2020-04-15,"Вінницька",12,109,38.9285714285714,201,26.6932270916335
2020-04-15,"Волинська",1,40,33.6134453781513,146,22.992125984252
2020-04-15,"Дніпропетровська",0,2,2.35294117647059,205,24.3179122182681
2020-04-15,"Житомирська",5,29,17.9012345679012,158,27.5261324041812
2020-04-15,"Закарпатська",11,32,23.021582733813,209,22.9418221734358
2020-04-15,"Запорізька",2,16,13.5593220338983,64,16.6233766233766
2020-04-15,"Івано-Франківська",8,99,21.5217391304348,272,21.9709208400646
2020-04-15,"Київська",6,26,10.6122448979592,194,16.234309623431
2020-04-15,"Кіровоградська",0,80,40.8163265306122,169,38.2352941176471
2020-04-15,"Львівська",8,40,23.8095238095238,206,18.7613843351548
2020-04-15,"м. Київ",14,71,9.36675461741425,279,11.5960099750623
2020-04-15,"Одеська",0,6,8.21917808219178,163,20.8173690932312
2020-04-15,"Рівненська",21,74,30.327868852459,253,21.2962962962963
2020-04-15,"Сумська",1,7,8.64197530864197,10,6.09756097560976
2020-04-15,"Тернопільська",16,84,25.3012048192771,246,22.7777777777778
2020-04-15,"Харківська",0,5,12.5,193,23.6519607843137
2020-04-15,"Херсонська",0,12,27.2727272727273,26,15.3846153846154
2020-04-15,"Хмельницька",0,3,15.7894736842105,26,9.73782771535581
2020-04-15,"Черкаська",2,22,17.6,82,21.7506631299735
2020-04-15,"Чернівецька",15,155,23.3785822021116,422,15.4635397581532
2020-04-15,"Чернігівська",0,0,0,19,15.5737704918033
2020-04-16,"Вінницька",3,112,37.7104377104377,201,26.6932270916335
2020-04-16,"Волинська",3,43,34.1269841269841,146,22.992125984252
2020-04-16,"Дніпропетровська",3,5,4.95049504950495,205,24.3179122182681
2020-04-16,"Житомирська",4,33,18.6440677966102,158,27.5261324041812
2020-04-16,"Закарпатська",3,35,22.7272727272727,209,22.9418221734358
2020-04-16,"Запорізька",2,18,14.1732283464567,64,16.6233766233766
2020-04-16,"Івано-Франківська",11,110,22.2222222222222,272,21.9709208400646
2020-04-16,"Київська",5,31,11.8773946360153,194,16.234309623431
2020-04-16,"м. Київ",8,79,9.08045977011494,279,11.5960099750623
2020-04-16,"Кіровоградська",6,86,40,169,38.2352941176471
2020-04-16,"Луганська",0,0,0,1,2.38095238095238
2020-04-16,"Львівська",4,44,21.5686274509804,206,18.7613843351548
2020-04-16,"Миколаївська",1,2,6.45161290322581,49,18.5606060606061
2020-04-16,"Одеська",1,7,7.52688172043011,163,20.8173690932312
2020-04-16,"Полтавська",2,4,9.75609756097561,65,24.6212121212121
2020-04-16,"Рівненська",12,86,30.9352517985612,253,21.2962962962963
2020-04-16,"Тернопільська",9,93,26.4204545454545,246,22.7777777777778
2020-04-16,"Харківська",2,7,12.280701754386,193,23.6519607843137
2020-04-16,"Херсонська",2,14,27.4509803921569,26,15.3846153846154
2020-04-16,"Хмельницька",0,3,15,26,9.73782771535581
2020-04-16,"Черкаська",3,25,17.4825174825175,82,21.7506631299735
2020-04-16,"Чернівецька",15,170,22.2804718217562,422,15.4635397581532
2020-04-17,"Вінницька",10,122,38.125,201,26.6932270916335
2020-04-17,"Волинська",5,48,32.2147651006711,146,22.992125984252
2020-04-17,"Дніпропетровська",0,5,4.71698113207547,205,24.3179122182681
2020-04-17,"Донецька",1,3,23.0769230769231,38,29.0076335877863
2020-04-17,"Житомирська",7,40,20.3045685279188,158,27.5261324041812
2020-04-17,"Закарпатська",6,41,23.6994219653179,209,22.9418221734358
2020-04-17,"Запорізька",0,18,13.953488372093,64,16.6233766233766
2020-04-17,"Івано-Франківська",4,114,22.3529411764706,272,21.9709208400646
2020-04-17,"Київська",1,32,11.2280701754386,194,16.234309623431
2020-04-17,"м. Київ",6,85,9.14962325080732,279,11.5960099750623
2020-04-17,"Кіровоградська",5,91,39.3939393939394,169,38.2352941176471
2020-04-17,"Львівська",1,45,20.2702702702703,206,18.7613843351548
2020-04-17,"Миколаївська",1,3,8.57142857142857,49,18.5606060606061
2020-04-17,"Одеська",4,11,10.2803738317757,163,20.8173690932312
2020-04-17,"Полтавська",1,5,9.80392156862745,65,24.6212121212121
2020-04-17,"Рівненська",6,92,30.4635761589404,253,21.2962962962963
2020-04-17,"Сумська",0,7,8.53658536585366,10,6.09756097560976
2020-04-17,"Тернопільська",2,95,26.027397260274,246,22.7777777777778
2020-04-17,"Харківська",5,12,18.1818181818182,193,23.6519607843137
2020-04-17,"Херсонська",0,14,25,26,15.3846153846154
2020-04-17,"Хмельницька",2,5,20,26,9.73782771535581
2020-04-17,"Черкаська",0,25,17.3611111111111,82,21.7506631299735
2020-04-17,"Чернівецька",19,189,22.4465558194774,422,15.4635397581532
2020-04-18,"Вінницька",1,123,37.1601208459214,201,26.6932270916335
2020-04-18,"Волинська",1,49,32.4503311258278,146,22.992125984252
2020-04-18,"Дніпропетровська",0,5,4.46428571428571,205,24.3179122182681
2020-04-18,"Донецька",1,4,28.5714285714286,38,29.0076335877863
2020-04-18,"Житомирська",3,43,20.3791469194313,158,27.5261324041812
2020-04-18,"Закарпатська",2,43,22.3958333333333,209,22.9418221734358
2020-04-18,"Запорізька",1,19,14.3939393939394,64,16.6233766233766
2020-04-18,"Івано-Франківська",17,131,23.4767025089606,272,21.9709208400646
2020-04-18,"Київська",1,33,11.0738255033557,194,16.234309623431
2020-04-18,"Кіровоградська",5,96,39.6694214876033,169,38.2352941176471
2020-04-18,"Луганська",0,0,0,1,2.38095238095238
2020-04-18,"Львівська",4,49,19.6,206,18.7613843351548
2020-04-18,"Миколаївська",0,3,8.10810810810811,49,18.5606060606061
2020-04-18,"м. Київ",3,88,8.89787664307381,279,11.5960099750623
2020-04-18,"Одеська",4,15,12.6050420168067,163,20.8173690932312
2020-04-18,"Полтавська",4,9,14.5161290322581,65,24.6212121212121
2020-04-18,"Рівненська",6,98,30.8176100628931,253,21.2962962962963
2020-04-18,"Сумська",0,7,8.43373493975904,10,6.09756097560976
2020-04-18,"Тернопільська",11,106,27.2493573264781,246,22.7777777777778
2020-04-18,"Харківська",1,13,19.4029850746269,193,23.6519607843137
2020-04-18,"Херсонська",4,18,28.5714285714286,26,15.3846153846154
2020-04-18,"Хмельницька",0,5,17.8571428571429,26,9.73782771535581
2020-04-18,"Черкаська",2,27,16.875,82,21.7506631299735
2020-04-18,"Чернівецька",5,194,21.7732884399551,422,15.4635397581532
2020-04-19,"Волинська",3,52,32.7044025157233,146,22.992125984252
2020-04-19,"Дніпропетровська",0,5,4.16666666666667,205,24.3179122182681
2020-04-19,"Житомирська",2,45,19.9115044247788,158,27.5261324041812
2020-04-19,"Закарпатська",1,44,21.8905472636816,209,22.9418221734358
2020-04-19,"Запорізька",1,20,14.8148148148148,64,16.6233766233766
2020-04-19,"Івано-Франківська",6,137,23.0639730639731,272,21.9709208400646
2020-04-19,"Київська",5,38,11.1436950146628,194,16.234309623431
2020-04-19,"м. Київ",6,94,8.96946564885496,279,11.5960099750623
2020-04-19,"Кіровоградська",1,97,39.917695473251,169,38.2352941176471
2020-04-19,"Львівська",0,49,19.2156862745098,206,18.7613843351548
2020-04-19,"Одеська",4,19,13.9705882352941,163,20.8173690932312
2020-04-19,"Рівненська",0,98,29.9694189602446,253,21.2962962962963
2020-04-19,"Полтавська",0,9,14.0625,65,24.6212121212121
2020-04-19,"Сумська",0,7,8.33333333333333,10,6.09756097560976
2020-04-19,"Тернопільська",12,118,28.5714285714286,246,22.7777777777778
2020-04-19,"Харківська",0,13,16.8831168831169,193,23.6519607843137
2020-04-19,"Черкаська",10,37,21.0227272727273,82,21.7506631299735
2020-04-19,"Чернівецька",4,198,21.8061674008811,422,15.4635397581532
2020-04-20,"Вінницька",1,124,36.5781710914454,201,26.6932270916335
2020-04-20,"Волинська",2,54,30.8571428571429,146,22.992125984252
2020-04-20,"Дніпропетровська",0,5,4.03225806451613,205,24.3179122182681
2020-04-20,"Житомирська",8,53,19.6296296296296,158,27.5261324041812
2020-04-20,"Закарпатська",4,48,22.8571428571429,209,22.9418221734358
2020-04-20,"Запорізька",2,22,15.9420289855072,64,16.6233766233766
2020-04-20,"Івано-Франківська",5,142,23.3552631578947,272,21.9709208400646
2020-04-20,"Київська",2,40,10.8108108108108,194,16.234309623431
2020-04-20,"м. Київ",4,98,8.96614821591949,279,11.5960099750623
2020-04-20,"Кіровоградська",0,97,39.7540983606557,169,38.2352941176471
2020-04-20,"Луганська",0,0,0,1,2.38095238095238
2020-04-20,"Львівська",1,50,19.3050193050193,206,18.7613843351548
2020-04-20,"Миколаївська",22,25,30.4878048780488,49,18.5606060606061
2020-04-20,"Одеська",2,21,14.4827586206897,163,20.8173690932312
2020-04-20,"Полтавська",27,36,35.2941176470588,65,24.6212121212121
2020-04-20,"Рівненська",3,101,28.7749287749288,253,21.2962962962963
2020-04-20,"Тернопільська",10,128,29.4930875576037,246,22.7777777777778
2020-04-20,"Херсонська",1,19,27.1428571428571,26,15.3846153846154
2020-04-20,"Хмельницька",0,5,17.2413793103448,26,9.73782771535581
2020-04-20,"Черкаська",3,40,21.3903743315508,82,21.7506631299735
2020-04-20,"Чернівецька",10,208,21.0526315789474,422,15.4635397581532
2020-04-20,"Чернігівська",0,0,0,19,15.5737704918033
2020-04-21,"Вінницька",3,127,36.1823361823362,201,26.6932270916335
2020-04-21,"Волинська",1,55,30.0546448087432,146,22.992125984252
2020-04-21,"Дніпропетровська",2,7,4.63576158940397,205,24.3179122182681
2020-04-21,"Донецька",1,5,29.4117647058824,38,29.0076335877863
2020-04-21,"Житомирська",9,62,21.602787456446,158,27.5261324041812
2020-04-21,"Закарпатська",8,56,24.5614035087719,209,22.9418221734358
2020-04-21,"Запорізька",2,24,16.4383561643836,64,16.6233766233766
2020-04-21,"Івано-Франківська",15,157,23.9329268292683,272,21.9709208400646
2020-04-21,"Київська",3,43,10.8040201005025,194,16.234309623431
2020-04-21,"м. Київ",6,104,9.25266903914591,279,11.5960099750623
2020-04-21,"Кіровоградська",2,99,39.9193548387097,169,38.2352941176471
2020-04-21,"Луганська",0,0,0,1,2.38095238095238
2020-04-21,"Львівська",1,51,18.2142857142857,206,18.7613843351548
2020-04-21,"Миколаївська",4,29,29.2929292929293,49,18.5606060606061
2020-04-21,"Одеська",2,23,15.3333333333333,163,20.8173690932312
2020-04-21,"Полтавська",4,40,33.3333333333333,65,24.6212121212121
2020-04-21,"Рівненська",9,110,29.4906166219839,253,21.2962962962963
2020-04-21,"Сумська",0,7,8.13953488372093,10,6.09756097560976
2020-04-21,"Тернопільська",4,132,28.0851063829787,246,22.7777777777778
2020-04-21,"Харківська",2,15,17.8571428571429,193,23.6519607843137
2020-04-21,"Херсонська",0,19,26.3888888888889,26,15.3846153846154
2020-04-21,"Хмельницька",0,5,16.1290322580645,26,9.73782771535581
2020-04-21,"Черкаська",12,52,25.1207729468599,82,21.7506631299735
2020-04-21,"Чернівецька",13,221,20.9677419354839,422,15.4635397581532
2020-04-21,"Чернігівська",1,1,6.66666666666667,19,15.5737704918033
2020-04-22,"Вінницька",2,129,35.8333333333333,201,26.6932270916335
2020-04-22,"Волинська",2,57,28.5,146,22.992125984252
2020-04-22,"Дніпропетровська",2,9,4.76190476190476,205,24.3179122182681
2020-04-22,"Донецька",0,5,25,38,29.0076335877863
2020-04-22,"Житомирська",10,72,23.6842105263158,158,27.5261324041812
2020-04-22,"Закарпатська",4,60,25.2100840336134,209,22.9418221734358
2020-04-22,"Запорізька",4,28,17.6100628930818,64,16.6233766233766
2020-04-22,"Івано-Франківська",7,164,23.4957020057307,272,21.9709208400646
2020-04-22,"Київська",3,46,10.0217864923747,194,16.234309623431
2020-04-22,"м. Київ",11,115,9.56738768718802,279,11.5960099750623
2020-04-22,"Кіровоградська",2,101,39.6078431372549,169,38.2352941176471
2020-04-22,"Луганська",0,0,0,1,2.38095238095238
2020-04-22,"Львівська",1,52,18.0555555555556,206,18.7613843351548
2020-04-22,"Миколаївська",1,30,29.126213592233,49,18.5606060606061
2020-04-22,"Одеська",1,24,14.5454545454545,163,20.8173690932312
2020-04-22,"Полтавська",9,49,30.2469135802469,65,24.6212121212121
2020-04-22,"Рівненська",12,122,28.8416075650118,253,21.2962962962963
2020-04-22,"Сумська",0,7,7.77777777777778,10,6.09756097560976
2020-04-22,"Тернопільська",8,140,28.1124497991968,246,22.7777777777778
2020-04-22,"Харківська",4,19,18.8118811881188,193,23.6519607843137
2020-04-22,"Херсонська",0,19,24.6753246753247,26,15.3846153846154
2020-04-22,"Хмельницька",0,5,14.7058823529412,26,9.73782771535581
2020-04-22,"Черкаська",0,52,23.5294117647059,82,21.7506631299735
2020-04-22,"Чернівецька",16,237,20.378331900258,422,15.4635397581532
2020-04-22,"Чернігівська",0,1,6.25,19,15.5737704918033
2020-04-23,"Вінницька",1,130,34.8525469168901,201,26.6932270916335
2020-04-23,"Волинська",1,58,27.8846153846154,146,22.992125984252
2020-04-23,"Дніпропетровська",0,9,4.5,205,24.3179122182681
2020-04-23,"Донецька",0,5,16.6666666666667,38,29.0076335877863
2020-04-23,"Житомирська",3,75,24.2718446601942,158,27.5261324041812
2020-04-23,"Закарпатська",8,68,24.7272727272727,209,22.9418221734358
2020-04-23,"Запорізька",1,29,17.2619047619048,64,16.6233766233766
2020-04-23,"Івано-Франківська",5,169,23.7693389592124,272,21.9709208400646
2020-04-23,"Київська",7,53,10.7070707070707,194,16.234309623431
2020-04-23,"Кіровоградська",14,115,41.0714285714286,169,38.2352941176471
2020-04-23,"Львівська",1,53,17.7257525083612,206,18.7613843351548
2020-04-23,"м. Київ",11,126,10.0880704563651,279,11.5960099750623
2020-04-23,"Одеська",1,25,14.7058823529412,163,20.8173690932312
2020-04-23,"Рівненська",12,134,28.8793103448276,253,21.2962962962963
2020-04-23,"Тернопільська",11,151,28.4369114877589,246,22.7777777777778
2020-04-23,"Харківська",2,21,17.7966101694915,193,23.6519607843137
2020-04-23,"Хмельницька",1,6,15.7894736842105,26,9.73782771535581
2020-04-23,"Черкаська",0,52,22.2222222222222,82,21.7506631299735
2020-04-23,"Чернівецька",5,242,20,422,15.4635397581532
2020-04-23,"Чернігівська",1,2,9.52380952380952,19,15.5737704918033
2020-04-24,"Вінницька",1,131,34.2931937172775,201,26.6932270916335
2020-04-24,"Волинська",6,64,28.6995515695067,146,22.992125984252
2020-04-24,"Дніпропетровська",14,23,9.50413223140496,205,24.3179122182681
2020-04-24,"Донецька",1,6,18.75,38,29.0076335877863
2020-04-24,"Житомирська",14,89,26.4094955489614,158,27.5261324041812
2020-04-24,"Закарпатська",3,71,24.1496598639456,209,22.9418221734358
2020-04-24,"Запорізька",2,31,16.9398907103825,64,16.6233766233766
2020-04-24,"Івано-Франківська",11,180,24.0963855421687,272,21.9709208400646
2020-04-24,"Київська",0,53,10.4743083003953,194,16.234309623431
2020-04-24,"Кіровоградська",14,129,41.747572815534,169,38.2352941176471
2020-04-24,"Луганська",0,0,0,1,2.38095238095238
2020-04-24,"Львівська",3,56,16.8168168168168,206,18.7613843351548
2020-04-24,"Миколаївська",1,31,27.9279279279279,49,18.5606060606061
2020-04-24,"м. Київ",1,127,9.70948012232416,279,11.5960099750623
2020-04-24,"Одеська",1,26,14.207650273224,163,20.8173690932312
2020-04-24,"Полтавська",2,51,29.8245614035088,65,24.6212121212121
2020-04-24,"Рівненська",8,142,27.734375,253,21.2962962962963
2020-04-24,"Сумська",0,7,7.4468085106383,10,6.09756097560976
2020-04-24,"Тернопільська",3,154,27.3049645390071,246,22.7777777777778
2020-04-24,"Харківська",3,24,19.2,193,23.6519607843137
2020-04-24,"Херсонська",1,20,25.3164556962025,26,15.3846153846154
2020-04-24,"Хмельницька",0,6,15.3846153846154,26,9.73782771535581
2020-04-24,"Черкаська",1,53,21.031746031746,82,21.7506631299735
2020-04-24,"Чернівецька",19,261,19.7877179681577,422,15.4635397581532
2020-04-25,"Вінницька",1,132,33.9331619537275,201,26.6932270916335
2020-04-25,"Волинська",9,73,29.7959183673469,146,22.992125984252
2020-04-25,"Дніпропетровська",0,23,7.79661016949153,205,24.3179122182681
2020-04-25,"Донецька",21,27,47.3684210526316,38,29.0076335877863
2020-04-25,"Житомирська",1,90,25.8620689655172,158,27.5261324041812
2020-04-25,"Закарпатська",19,90,26.1627906976744,209,22.9418221734358
2020-04-25,"Запорізька",0,31,15.2709359605911,64,16.6233766233766
2020-04-25,"Івано-Франківська",9,189,24.1379310344828,272,21.9709208400646
2020-04-25,"Київська",5,58,10.9227871939736,194,16.234309623431
2020-04-25,"Кіровоградська",1,130,40.625,169,38.2352941176471
2020-04-25,"Луганська",0,0,0,1,2.38095238095238
2020-04-25,"Львівська",2,58,16.6189111747851,206,18.7613843351548
2020-04-25,"Миколаївська",0,31,26.9565217391304,49,18.5606060606061
2020-04-25,"м. Київ",4,131,9.82745686421605,279,11.5960099750623
2020-04-25,"Одеська",30,56,25.6880733944954,163,20.8173690932312
2020-04-25,"Рівненська",1,143,26.8292682926829,253,21.2962962962963
2020-04-25,"Херсонська",1,21,23.8636363636364,26,15.3846153846154
2020-04-25,"Сумська",0,7,7.36842105263158,10,6.09756097560976
2020-04-25,"Тернопільська",11,165,27.2277227722772,246,22.7777777777778
2020-04-25,"Харківська",1,25,17.0068027210884,193,23.6519607843137
2020-04-25,"Хмельницька",3,9,20,26,9.73782771535581
2020-04-25,"Черкаська",2,55,21.2355212355212,82,21.7506631299735
2020-04-25,"Чернівецька",4,265,19.6733481811433,422,15.4635397581532
2020-04-25,"Чернігівська",0,2,6.25,19,15.5737704918033
2020-04-26,"Вінницька",0,132,33.0827067669173,201,26.6932270916335
2020-04-26,"Волинська",3,76,29.6875,146,22.992125984252
2020-04-26,"Дніпропетровська",7,30,9.43396226415094,205,24.3179122182681
2020-04-26,"Житомирська",1,91,25.9259259259259,158,27.5261324041812
2020-04-26,"Закарпатська",8,98,25.5874673629243,209,22.9418221734358
2020-04-26,"Запорізька",2,33,15.9420289855072,64,16.6233766233766
2020-04-26,"Івано-Франківська",0,189,24.1071428571429,272,21.9709208400646
2020-04-26,"Київська",8,66,11.4782608695652,194,16.234309623431
2020-04-26,"Кіровоградська",3,133,39.8203592814371,169,38.2352941176471
2020-04-26,"Львівська",2,60,16.7130919220056,206,18.7613843351548
2020-04-26,"Миколаївська",0,31,26.7241379310345,49,18.5606060606061
2020-04-26,"м. Київ",1,132,9.66325036603221,279,11.5960099750623
2020-04-26,"Одеська",4,60,25.1046025104602,163,20.8173690932312
2020-04-26,"Полтавська",1,52,29.7142857142857,65,24.6212121212121
2020-04-26,"Рівненська",3,146,26.7889908256881,253,21.2962962962963
2020-04-26,"Тернопільська",0,165,27.0049099836334,246,22.7777777777778
2020-04-26,"Харківська",30,55,28.0612244897959,193,23.6519607843137
2020-04-26,"Херсонська",0,21,23.5955056179775,26,15.3846153846154
2020-04-26,"Хмельницька",0,9,19.5652173913043,26,9.73782771535581
2020-04-26,"Черкаська",4,59,22.0149253731343,82,21.7506631299735
2020-04-26,"Чернівецька",5,270,19.6078431372549,422,15.4635397581532
2020-04-26,"Чернігівська",1,3,9.09090909090909,19,15.5737704918033
2020-04-27,"Вінницька",3,135,33.0882352941176,201,26.6932270916335
2020-04-27,"Волинська",0,76,28.7878787878788,146,22.992125984252
2020-04-27,"Дніпропетровська",0,30,9.40438871473354,205,24.3179122182681
2020-04-27,"Донецька",0,27,46.551724137931,38,29.0076335877863
2020-04-27,"Житомирська",2,93,26.1971830985916,158,27.5261324041812
2020-04-27,"Закарпатська",12,110,27.0935960591133,209,22.9418221734358
2020-04-27,"Запорізька",6,39,17.4107142857143,64,16.6233766233766
2020-04-27,"Івано-Франківська",15,204,24.4019138755981,272,21.9709208400646
2020-04-27,"Київська",1,67,10.983606557377,194,16.234309623431
2020-04-27,"м. Київ",4,136,9.6797153024911,279,11.5960099750623
2020-04-27,"Кіровоградська",8,141,39.943342776204,169,38.2352941176471
2020-04-27,"Луганська",0,0,0,1,2.38095238095238
2020-04-27,"Львівська",3,63,16.40625,206,18.7613843351548
2020-04-27,"Одеська",0,60,24.2914979757085,163,20.8173690932312
2020-04-27,"Полтавська",1,53,29.608938547486,65,24.6212121212121
2020-04-27,"Рівненська",5,151,26.7730496453901,253,21.2962962962963
2020-04-27,"Сумська",0,7,7.14285714285714,10,6.09756097560976
2020-04-27,"Тернопільська",8,173,26.0935143288084,246,22.7777777777778
2020-04-27,"Харківська",3,58,26.2443438914027,193,23.6519607843137
2020-04-27,"Хмельницька",2,11,20.7547169811321,26,9.73782771535581
2020-04-27,"Черкаська",2,61,22.0216606498195,82,21.7506631299735
2020-04-27,"Чернівецька",7,277,19.3706293706294,422,15.4635397581532
2020-04-27,"Чернігівська",1,4,10.8108108108108,19,15.5737704918033
2020-04-28,"Вінницька",1,136,32.8502415458937,201,26.6932270916335
2020-04-28,"Волинська",3,79,28.7272727272727,146,22.992125984252
2020-04-28,"Дніпропетровська",0,30,9.14634146341463,205,24.3179122182681
2020-04-28,"Донецька",2,29,46.7741935483871,38,29.0076335877863
2020-04-28,"Житомирська",1,94,26.2569832402235,158,27.5261324041812
2020-04-28,"Закарпатська",3,113,27.2289156626506,209,22.9418221734358
2020-04-28,"Запорізька",3,42,17.4273858921162,64,16.6233766233766
2020-04-28,"Івано-Франківська",7,211,24.5063879210221,272,21.9709208400646
2020-04-28,"Київська",5,72,11.0769230769231,194,16.234309623431
2020-04-28,"м. Київ",11,147,10.0204498977505,279,11.5960099750623
2020-04-28,"Кіровоградська",11,152,40.6417112299465,169,38.2352941176471
2020-04-28,"Луганська",0,0,0,1,2.38095238095238
2020-04-28,"Львівська",2,65,15.970515970516,206,18.7613843351548
2020-04-28,"Миколаївська",0,31,25.8333333333333,49,18.5606060606061
2020-04-28,"Одеська",1,61,22.7611940298507,163,20.8173690932312
2020-04-28,"Полтавська",1,54,28.8770053475936,65,24.6212121212121
2020-04-28,"Рівненська",6,157,25.6535947712418,253,21.2962962962963
2020-04-28,"Тернопільська",8,181,25.6011315417256,246,22.7777777777778
2020-04-28,"Харківська",7,65,27.4261603375527,193,23.6519607843137
2020-04-28,"Херсонська",0,21,18.75,26,15.3846153846154
2020-04-28,"Хмельницька",0,11,20,26,9.73782771535581
2020-04-28,"Черкаська",3,64,21.9931271477663,82,21.7506631299735
2020-04-28,"Чернівецька",17,294,19.7050938337802,422,15.4635397581532
2020-04-28,"Чернігівська",0,4,10.5263157894737,19,15.5737704918033
2020-04-29,"Вінницька",2,138,32.7790973871734,201,26.6932270916335
2020-04-29,"Волинська",5,84,28.6689419795222,146,22.992125984252
2020-04-29,"Дніпропетровська",2,32,9.14285714285714,205,24.3179122182681
2020-04-29,"Донецька",3,32,41.025641025641,38,29.0076335877863
2020-04-29,"Житомирська",2,96,25.6,158,27.5261324041812
2020-04-29,"Закарпатська",1,114,26.2068965517241,209,22.9418221734358
2020-04-29,"Запорізька",7,49,18.8461538461538,64,16.6233766233766
2020-04-29,"Івано-Франківська",4,215,23.9687848383501,272,21.9709208400646
2020-04-29,"Київська",4,76,11.5326251896813,194,16.234309623431
2020-04-29,"м. Київ",8,155,10.1307189542484,279,11.5960099750623
2020-04-29,"Кіровоградська",3,155,39.9484536082474,169,38.2352941176471
2020-04-29,"Львівська",4,69,15.9722222222222,206,18.7613843351548
2020-04-29,"Миколаївська",1,32,25.3968253968254,49,18.5606060606061
2020-04-29,"Одеська",2,63,22.5806451612903,163,20.8173690932312
2020-04-29,"Полтавська",3,57,28.0788177339901,65,24.6212121212121
2020-04-29,"Рівненська",11,168,25.609756097561,253,21.2962962962963
2020-04-29,"Сумська",0,7,6.86274509803922,10,6.09756097560976
2020-04-29,"Тернопільська",7,188,24.1645244215938,246,22.7777777777778
2020-04-29,"Харківська",3,68,27.3092369477912,193,23.6519607843137
2020-04-29,"Хмельницька",5,16,26.2295081967213,26,9.73782771535581
2020-04-29,"Черкаська",1,65,22.2602739726027,82,21.7506631299735
2020-04-29,"Чернівецька",11,305,19.3527918781726,422,15.4635397581532
2020-04-29,"Чернігівська",0,4,8.88888888888889,19,15.5737704918033
2020-04-30,"Вінницька",0,138,32.2429906542056,201,26.6932270916335
2020-04-30,"Волинська",0,84,27.1844660194175,146,22.992125984252
2020-04-30,"Дніпропетровська",2,34,9.34065934065934,205,24.3179122182681
2020-04-30,"Донецька",0,32,39.0243902439024,38,29.0076335877863
2020-04-30,"Житомирська",8,104,26.5984654731458,158,27.5261324041812
2020-04-30,"Закарпатська",13,127,26.906779661017,209,22.9418221734358
2020-04-30,"Запорізька",1,50,18.5185185185185,64,16.6233766233766
2020-04-30,"Івано-Франківська",5,220,23.8611713665944,272,21.9709208400646
2020-04-30,"Київська",7,83,11.6736990154712,194,16.234309623431
2020-04-30,"м. Київ",7,162,10.338225909381,279,11.5960099750623
2020-04-30,"Кіровоградська",0,155,39.8457583547558,169,38.2352941176471
2020-04-30,"Луганська",0,0,0,1,2.38095238095238
2020-04-30,"Львівська",4,73,16.0087719298246,206,18.7613843351548
2020-04-30,"Миколаївська",0,32,22.8571428571429,49,18.5606060606061
2020-04-30,"Одеська",1,64,21.3333333333333,163,20.8173690932312
2020-04-30,"Полтавська",0,57,27.0142180094787,65,24.6212121212121
2020-04-30,"Рівненська",5,173,25.1088534107402,253,21.2962962962963
2020-04-30,"Сумська",0,7,6.79611650485437,10,6.09756097560976
2020-04-30,"Тернопільська",4,192,24.2424242424242,246,22.7777777777778
2020-04-30,"Харківська",8,76,27.6363636363636,193,23.6519607843137
2020-04-30,"Херсонська",0,21,17.3553719008264,26,15.3846153846154
2020-04-30,"Хмельницька",0,16,22.5352112676056,26,9.73782771535581
2020-04-30,"Черкаська",0,65,21.8120805369128,82,21.7506631299735
2020-04-30,"Чернівецька",21,326,19.5443645083933,422,15.4635397581532
2020-04-30,"Чернігівська",0,4,8.69565217391304,19,15.5737704918033
2020-05-01,"Волинська",5,89,27.8125,146,22.992125984252
2020-05-01,"Дніпропетровська",21,55,12.4716553287982,205,24.3179122182681
2020-05-01,"Житомирська",0,104,26.3959390862944,158,27.5261324041812
2020-05-01,"Закарпатська",10,137,26.8101761252446,209,22.9418221734358
2020-05-01,"Запорізька",0,50,18.0505415162455,64,16.6233766233766
2020-05-01,"Івано-Франківська",7,227,23.7199582027168,272,21.9709208400646
2020-05-01,"Київська",1,84,11.522633744856,194,16.234309623431
2020-05-01,"м. Київ",1,163,10.3099304237824,279,11.5960099750623
2020-05-01,"Кіровоградська",2,157,40.153452685422,169,38.2352941176471
2020-05-01,"Луганська",1,1,2.7027027027027,1,2.38095238095238
2020-05-01,"Львівська",2,75,16.0599571734475,206,18.7613843351548
2020-05-01,"Миколаївська",5,37,24.8322147651007,49,18.5606060606061
2020-05-01,"Одеська",14,78,23.2835820895522,163,20.8173690932312
2020-05-01,"Рівненська",6,179,24.8266296809986,253,21.2962962962963
2020-05-01,"Сумська",0,7,6.66666666666667,10,6.09756097560976
2020-05-01,"Тернопільська",2,194,23.6009732360097,246,22.7777777777778
2020-05-01,"Харківська",6,82,25.9493670886076,193,23.6519607843137
2020-05-01,"Херсонська",0,21,17.2131147540984,26,15.3846153846154
2020-05-01,"Хмельницька",0,16,20.253164556962,26,9.73782771535581
2020-05-01,"Черкаська",4,69,22.258064516129,82,21.7506631299735
2020-05-01,"Чернівецька",7,333,19.0721649484536,422,15.4635397581532
2020-05-01,"Чернігівська",0,4,8.51063829787234,19,15.5737704918033
2020-05-02,"Вінницька",1,139,31.8077803203661,201,26.6932270916335
2020-05-02,"Волинська",3,92,27.6276276276276,146,22.992125984252
2020-05-02,"Дніпропетровська",1,56,12.5,205,24.3179122182681
2020-05-02,"Житомирська",17,121,28.4705882352941,158,27.5261324041812
2020-05-02,"Закарпатська",7,144,27.3244781783681,209,22.9418221734358
2020-05-02,"Запорізька",1,51,18.0851063829787,64,16.6233766233766
2020-05-02,"Івано-Франківська",1,228,23.3846153846154,272,21.9709208400646
2020-05-02,"Київська",11,95,12.1328224776501,194,16.234309623431
2020-05-02,"м. Київ",0,163,10.2386934673367,279,11.5960099750623
2020-05-02,"Кіровоградська",2,159,40.3553299492386,169,38.2352941176471
2020-05-02,"Львівська",1,76,16,206,18.7613843351548
2020-05-02,"Миколаївська",2,39,24.223602484472,49,18.5606060606061
2020-05-02,"Одеська",11,89,21.7073170731707,163,20.8173690932312
2020-05-02,"Полтавська",1,58,26.2443438914027,65,24.6212121212121
2020-05-02,"Рівненська",1,180,24.1286863270777,253,21.2962962962963
2020-05-02,"Сумська",0,7,6.36363636363636,10,6.09756097560976
2020-05-02,"Тернопільська",9,203,23.4140715109573,246,22.7777777777778
2020-05-02,"Харківська",2,84,24.4897959183673,193,23.6519607843137
2020-05-02,"Херсонська",3,24,17.2661870503597,26,15.3846153846154
2020-05-02,"Хмельницька",1,17,17.8947368421053,26,9.73782771535581
2020-05-02,"Чернівецька",4,337,18.5164835164835,422,15.4635397581532
2020-05-02,"Чернігівська",4,8,15.0943396226415,19,15.5737704918033
2020-05-03,"Вінницька",6,145,32.293986636971,201,26.6932270916335
2020-05-03,"Волинська",1,93,27.2727272727273,146,22.992125984252
2020-05-03,"Дніпропетровська",4,60,13.0434782608696,205,24.3179122182681
2020-05-03,"Житомирська",2,123,28.538283062645,158,27.5261324041812
2020-05-03,"Закарпатська",5,149,27.2893772893773,209,22.9418221734358
2020-05-03,"Запорізька",2,53,18.4027777777778,64,16.6233766233766
2020-05-03,"Івано-Франківська",3,231,23.2628398791541,272,21.9709208400646
2020-05-03,"Київська",7,102,12.4390243902439,194,16.234309623431
2020-05-03,"Кіровоградська",2,161,40.4522613065327,169,38.2352941176471
2020-05-03,"Львівська",4,80,15.748031496063,206,18.7613843351548
2020-05-03,"Миколаївська",0,39,23.9263803680982,49,18.5606060606061
2020-05-03,"м. Київ",7,170,10.2657004830918,279,11.5960099750623
2020-05-03,"Одеська",7,96,21.8678815489749,163,20.8173690932312
2020-05-03,"Полтавська",2,60,26.431718061674,65,24.6212121212121
2020-05-03,"Рівненська",5,185,24.0885416666667,253,21.2962962962963
2020-05-03,"Сумська",0,7,6.25,10,6.09756097560976
2020-05-03,"Тернопільська",6,209,23.3519553072626,246,22.7777777777778
2020-05-03,"Харківська",0,84,23.6619718309859,193,23.6519607843137
2020-05-03,"Херсонська",0,24,17.1428571428571,26,15.3846153846154
2020-05-03,"Черкаська",2,71,22.5396825396825,82,21.7506631299735
2020-05-03,"Чернівецька",7,344,18.2299947005829,422,15.4635397581532
2020-05-03,"Чернігівська",1,9,14.2857142857143,19,15.5737704918033
2020-05-04,"Вінницька",0,145,31.8681318681319,201,26.6932270916335
2020-05-04,"Волинська",1,94,26.4788732394366,146,22.992125984252
2020-05-04,"Дніпропетровська",6,66,13.75,205,24.3179122182681
2020-05-04,"Донецька",2,34,39.5348837209302,38,29.0076335877863
2020-05-04,"Житомирська",6,129,28.7946428571429,158,27.5261324041812
2020-05-04,"Закарпатська",2,151,26.8206039076377,209,22.9418221734358
2020-05-04,"Запорізька",0,53,17.9054054054054,64,16.6233766233766
2020-05-04,"Івано-Франківська",8,239,23.3626588465298,272,21.9709208400646
2020-05-04,"Київська",6,108,12.6168224299065,194,16.234309623431
2020-05-04,"м. Київ",2,172,10.0526008182349,279,11.5960099750623
2020-05-04,"Луганська",0,1,2.63157894736842,1,2.38095238095238
2020-05-04,"Львівська",1,81,15.6976744186047,206,18.7613843351548
2020-05-04,"Миколаївська",0,39,23.6363636363636,49,18.5606060606061
2020-05-04,"Одеська",1,97,20.682302771855,163,20.8173690932312
2020-05-04,"Полтавська",1,61,26.2931034482759,65,24.6212121212121
2020-05-04,"Рівненська",3,188,24.0102171136654,253,21.2962962962963
2020-05-04,"Сумська",1,8,6.61157024793388,10,6.09756097560976
2020-05-04,"Тернопільська",12,221,23.9696312364425,246,22.7777777777778
2020-05-04,"Харківська",6,90,23.936170212766,193,23.6519607843137
2020-05-04,"Херсонська",0,24,16.7832167832168,26,15.3846153846154
2020-05-04,"Хмельницька",0,17,16.1904761904762,26,9.73782771535581
2020-05-04,"Черкаська",0,71,22.257053291536,82,21.7506631299735
2020-05-04,"Чернівецька",3,347,17.8222907036466,422,15.4635397581532
2020-05-04,"Чернігівська",1,10,15.3846153846154,19,15.5737704918033
2020-05-05,"Вінницька",7,152,31.8658280922432,201,26.6932270916335
2020-05-05,"Волинська",11,105,27.4869109947644,146,22.992125984252
2020-05-05,"Дніпропетровська",33,99,17.338003502627,205,24.3179122182681
2020-05-05,"Донецька",1,35,39.3258426966292,38,29.0076335877863
2020-05-05,"Житомирська",2,131,28.7912087912088,158,27.5261324041812
2020-05-05,"Закарпатська",2,153,26.5164644714038,209,22.9418221734358
2020-05-05,"Запорізька",2,55,18.3333333333333,64,16.6233766233766
2020-05-05,"Івано-Франківська",6,245,23.444976076555,272,21.9709208400646
2020-05-05,"Київська",10,118,13.5476463834673,194,16.234309623431
2020-05-05,"Кіровоградська",1,162,40.6015037593985,169,38.2352941176471
2020-05-05,"Луганська",0,1,2.38095238095238,1,2.38095238095238
2020-05-05,"Львівська",13,94,16.3194444444444,206,18.7613843351548
2020-05-05,"Миколаївська",0,39,22.8070175438597,49,18.5606060606061
2020-05-05,"м. Київ",5,177,10.028328611898,279,11.5960099750623
2020-05-05,"Одеська",15,112,22.1343873517787,163,20.8173690932312
2020-05-05,"Полтавська",0,61,26.0683760683761,65,24.6212121212121
2020-05-05,"Рівненська",7,195,23.5792019347038,253,21.2962962962963
2020-05-05,"Сумська",0,8,6.10687022900763,10,6.09756097560976
2020-05-05,"Тернопільська",0,221,23.661670235546,246,22.7777777777778
2020-05-05,"Харківська",11,101,24.220623501199,193,23.6519607843137
2020-05-05,"Херсонська",0,24,16.6666666666667,26,15.3846153846154
2020-05-05,"Хмельницька",0,17,15.3153153153153,26,9.73782771535581
2020-05-05,"Черкаська",0,71,22.1875,82,21.7506631299735
2020-05-05,"Чернівецька",6,353,17.7654755913437,422,15.4635397581532
2020-05-05,"Чернігівська",0,10,15.1515151515152,19,15.5737704918033
2020-05-06,"Вінницька",1,153,31.5463917525773,201,26.6932270916335
2020-05-06,"Волинська",4,109,27.1144278606965,146,22.992125984252
2020-05-06,"Дніпропетровська",30,129,20.7729468599034,205,24.3179122182681
2020-05-06,"Донецька",1,36,36.734693877551,38,29.0076335877863
2020-05-06,"Житомирська",15,146,30.6079664570231,158,27.5261324041812
2020-05-06,"Закарпатська",10,163,26.5040650406504,209,22.9418221734358
2020-05-06,"Запорізька",2,57,18.3279742765273,64,16.6233766233766
2020-05-06,"Івано-Франківська",3,248,23.3301975540922,272,21.9709208400646
2020-05-06,"Київська",2,120,13.5593220338983,194,16.234309623431
2020-05-06,"Кіровоградська",1,163,40.75,169,38.2352941176471
2020-05-06,"Львівська",10,104,17.1617161716172,206,18.7613843351548
2020-05-06,"Миколаївська",0,39,21.7877094972067,49,18.5606060606061
2020-05-06,"м. Київ",2,179,10.0901916572717,279,11.5960099750623
2020-05-06,"Одеська",10,122,21.0708117443869,163,20.8173690932312
2020-05-06,"Полтавська",0,61,25.8474576271186,65,24.6212121212121
2020-05-06,"Рівненська",3,198,22.7324913892078,253,21.2962962962963
2020-05-06,"Сумська",2,10,7.04225352112676,10,6.09756097560976
2020-05-06,"Тернопільська",2,223,23.4736842105263,246,22.7777777777778
2020-05-06,"Харківська",10,111,24.4493392070485,193,23.6519607843137
2020-05-06,"Херсонська",0,24,16.3265306122449,26,15.3846153846154
2020-05-06,"Хмельницька",1,18,14.8760330578512,26,9.73782771535581
2020-05-06,"Черкаська",7,78,23.2142857142857,82,21.7506631299735
2020-05-06,"Чернівецька",7,360,17.578125,422,15.4635397581532
2020-05-06,"Чернігівська",1,11,15.9420289855072,19,15.5737704918033
2020-05-07,"Вінницька",7,160,31.0077519379845,201,26.6932270916335
2020-05-07,"Волинська",2,111,25.6944444444444,146,22.992125984252
2020-05-07,"Дніпропетровська",13,142,21.7791411042945,205,24.3179122182681
2020-05-07,"Донецька",0,36,34.6153846153846,38,29.0076335877863
2020-05-07,"Житомирська",1,147,30.625,158,27.5261324041812
2020-05-07,"Закарпатська",7,170,25.8751902587519,209,22.9418221734358
2020-05-07,"Запорізька",1,58,18.1818181818182,64,16.6233766233766
2020-05-07,"Івано-Франківська",5,253,23.2536764705882,272,21.9709208400646
2020-05-07,"Київська",14,134,14.6929824561404,194,16.234309623431
2020-05-07,"м. Київ",15,194,10.5722070844687,279,11.5960099750623
2020-05-07,"Кіровоградська",1,164,40.4938271604938,169,38.2352941176471
2020-05-07,"Львівська",8,112,16.9184290030211,206,18.7613843351548
2020-05-07,"Миколаївська",1,40,19.9004975124378,49,18.5606060606061
2020-05-07,"Одеська",0,122,20.0657894736842,163,20.8173690932312
2020-05-07,"Полтавська",0,61,25.5230125523013,65,24.6212121212121
2020-05-07,"Рівненська",4,202,22.0524017467249,253,21.2962962962963
2020-05-07,"Сумська",0,10,6.71140939597315,10,6.09756097560976
2020-05-07,"Тернопільська",0,223,23.2776617954071,246,22.7777777777778
2020-05-07,"Харківська",14,125,25.7201646090535,193,23.6519607843137
2020-05-07,"Херсонська",0,24,16,26,15.3846153846154
2020-05-07,"Хмельницька",0,18,12.6760563380282,26,9.73782771535581
2020-05-07,"Черкаська",0,78,23.0088495575221,82,21.7506631299735
2020-05-07,"Чернівецька",6,366,17.4785100286533,422,15.4635397581532
2020-05-07,"Чернігівська",1,12,16.6666666666667,19,15.5737704918033
2020-05-08,"Вінницька",1,161,30.7251908396947,201,26.6932270916335
2020-05-08,"Волинська",1,112,24.0343347639485,146,22.992125984252
2020-05-08,"Дніпропетровська",12,154,22.6138032305433,205,24.3179122182681
2020-05-08,"Донецька",0,36,33.3333333333333,38,29.0076335877863
2020-05-08,"Житомирська",2,149,30.7216494845361,158,27.5261324041812
2020-05-08,"Закарпатська",5,175,25.4360465116279,209,22.9418221734358
2020-05-08,"Запорізька",1,59,18.0428134556575,64,16.6233766233766
2020-05-08,"Івано-Франківська",3,256,23.1674208144796,272,21.9709208400646
2020-05-08,"Київська",6,140,14.957264957265,194,16.234309623431
2020-05-08,"Кіровоградська",0,164,40.1960784313725,169,38.2352941176471
2020-05-08,"Львівська",17,129,17.9166666666667,206,18.7613843351548
2020-05-08,"Миколаївська",2,42,20.4878048780488,49,18.5606060606061
2020-05-08,"м. Київ",7,201,10.6012658227848,279,11.5960099750623
2020-05-08,"Одеська",3,125,19.7784810126582,163,20.8173690932312
2020-05-08,"Полтавська",1,62,25.8333333333333,65,24.6212121212121
2020-05-08,"Рівненська",6,208,22.010582010582,253,21.2962962962963
2020-05-08,"Сумська",0,10,6.57894736842105,10,6.09756097560976
2020-05-08,"Тернопільська",2,225,23.0532786885246,246,22.7777777777778
2020-05-08,"Харківська",10,135,25.1865671641791,193,23.6519607843137
2020-05-08,"Херсонська",0,24,15.2866242038217,26,15.3846153846154
2020-05-08,"Хмельницька",0,18,12.1621621621622,26,9.73782771535581
2020-05-08,"Чернівецька",13,379,17.3773498395232,422,15.4635397581532
2020-05-08,"Чернігівська",0,12,16,19,15.5737704918033
2020-05-09,"Вінницька",5,166,30.0724637681159,201,26.6932270916335
2020-05-09,"Волинська",4,116,24.1164241164241,146,22.992125984252
2020-05-09,"Дніпропетровська",11,165,23.4375,205,24.3179122182681
2020-05-09,"Житомирська",5,154,29.7297297297297,158,27.5261324041812
2020-05-09,"Закарпатська",5,180,25.0696378830084,209,22.9418221734358
2020-05-09,"Запорізька",0,59,17.9331306990881,64,16.6233766233766
2020-05-09,"Івано-Франківська",7,263,23.2332155477032,272,21.9709208400646
2020-05-09,"Київська",3,143,14.9113660062565,194,16.234309623431
2020-05-09,"м. Київ",11,212,10.9278350515464,279,11.5960099750623
2020-05-09,"Кіровоградська",0,164,39.7094430992736,169,38.2352941176471
2020-05-09,"Львівська",22,151,19.7385620915033,206,18.7613843351548
2020-05-09,"Миколаївська",2,44,19.7309417040359,49,18.5606060606061
2020-05-09,"Одеська",5,130,20.0617283950617,163,20.8173690932312
2020-05-09,"Полтавська",0,62,25.2032520325203,65,24.6212121212121
2020-05-09,"Рівненська",8,216,21.6649949849549,253,21.2962962962963
2020-05-09,"Сумська",0,10,6.49350649350649,10,6.09756097560976
2020-05-09,"Тернопільська",6,231,23.1462925851703,246,22.7777777777778
2020-05-09,"Харківська",9,144,25,193,23.6519607843137
2020-05-09,"Херсонська",0,24,15,26,15.3846153846154
2020-05-09,"Хмельницька",0,18,11.5384615384615,26,9.73782771535581
2020-05-09,"Черкаська",0,78,22.6744186046512,82,21.7506631299735
2020-05-09,"Чернівецька",4,383,16.8796826795945,422,15.4635397581532
2020-05-09,"Чернігівська",1,13,16.6666666666667,19,15.5737704918033
2020-05-10,"Вінницька",3,169,30.2325581395349,201,26.6932270916335
2020-05-10,"Волинська",2,118,24.1803278688525,146,22.992125984252
2020-05-10,"Дніпропетровська",9,174,23.8030095759234,205,24.3179122182681
2020-05-10,"Донецька",0,36,33.0275229357798,38,29.0076335877863
2020-05-10,"Житомирська",0,154,29.4455066921606,158,27.5261324041812
2020-05-10,"Закарпатська",3,183,24.4652406417112,209,22.9418221734358
2020-05-10,"Запорізька",1,60,18.1268882175227,64,16.6233766233766
2020-05-10,"Івано-Франківська",0,263,23.1922398589065,272,21.9709208400646
2020-05-10,"Київська",5,148,14.9494949494949,194,16.234309623431
2020-05-10,"Кіровоградська",1,165,39.568345323741,169,38.2352941176471
2020-05-10,"Львівська",13,164,20.5513784461153,206,18.7613843351548
2020-05-10,"Миколаївська",0,44,19.5555555555556,49,18.5606060606061
2020-05-10,"м. Київ",11,223,10.9960552268245,279,11.5960099750623
2020-05-10,"Одеська",2,132,20.2143950995406,163,20.8173690932312
2020-05-10,"Полтавська",0,62,25.1012145748988,65,24.6212121212121
2020-05-10,"Рівненська",3,219,21.6617210682493,253,21.2962962962963
2020-05-10,"Тернопільська",5,236,23.2055063913471,246,22.7777777777778
2020-05-10,"Харківська",10,154,25.6239600665557,193,23.6519607843137
2020-05-10,"Херсонська",0,24,14.8148148148148,26,15.3846153846154
2020-05-10,"Черкаська",0,78,22.5433526011561,82,21.7506631299735
2020-05-10,"Чернівецька",3,386,16.6379310344828,422,15.4635397581532
2020-05-10,"Чернігівська",1,14,17.7215189873418,19,15.5737704918033
2020-05-11,"Вінницька",8,177,29.5986622073579,201,26.6932270916335
2020-05-11,"Волинська",6,124,24.4575936883629,146,22.992125984252
2020-05-11,"Дніпропетровська",11,185,24.5683930942895,205,24.3179122182681
2020-05-11,"Донецька",1,37,33.3333333333333,38,29.0076335877863
2020-05-11,"Житомирська",0,154,29.3333333333333,158,27.5261324041812
2020-05-11,"Закарпатська",8,191,24.7089262613195,209,22.9418221734358
2020-05-11,"Івано-Франківська",1,264,23.1985940246046,272,21.9709208400646
2020-05-11,"Київська",2,150,15,194,16.234309623431
2020-05-11,"м. Київ",6,229,11.1327175498298,279,11.5960099750623
2020-05-11,"Кіровоградська",2,167,39.5734597156398,169,38.2352941176471
2020-05-11,"Львівська",14,178,21.2918660287081,206,18.7613843351548
2020-05-11,"Одеська",0,132,19.8795180722892,163,20.8173690932312
2020-05-11,"Полтавська",0,62,25,65,24.6212121212121
2020-05-11,"Рівненська",5,224,21.9178082191781,253,21.2962962962963
2020-05-11,"Сумська",0,10,6.36942675159236,10,6.09756097560976
2020-05-11,"Тернопільська",1,237,23.2352941176471,246,22.7777777777778
2020-05-11,"Харківська",7,161,25.6778309409888,193,23.6519607843137
2020-05-11,"Херсонська",1,25,15.2439024390244,26,15.3846153846154
2020-05-11,"Хмельницька",1,19,10.8571428571429,26,9.73782771535581
2020-05-11,"Черкаська",0,78,22.478386167147,82,21.7506631299735
2020-05-11,"Чернівецька",7,393,16.4366373902133,422,15.4635397581532
2020-05-11,"Чернігівська",0,14,16.6666666666667,19,15.5737704918033
2020-05-12,"Вінницька",14,191,29.8904538341158,201,26.6932270916335
2020-05-12,"Волинська",0,124,23.8003838771593,146,22.992125984252
2020-05-12,"Дніпропетровська",8,193,24.8711340206186,205,24.3179122182681
2020-05-12,"Донецька",0,37,31.6239316239316,38,29.0076335877863
2020-05-12,"Житомирська",1,155,29.2452830188679,158,27.5261324041812
2020-05-12,"Закарпатська",1,192,24.4585987261147,209,22.9418221734358
2020-05-12,"Запорізька",2,62,18.1286549707602,64,16.6233766233766
2020-05-12,"Івано-Франківська",1,265,23.0635335073977,272,21.9709208400646
2020-05-12,"Київська",13,163,15.87147030185,194,16.234309623431
2020-05-12,"Кіровоградська",1,168,39.5294117647059,169,38.2352941176471
2020-05-12,"Львівська",11,189,21.3800904977376,206,18.7613843351548
2020-05-12,"Миколаївська",0,44,19.2982456140351,49,18.5606060606061
2020-05-12,"м. Київ",9,238,11.3064133016627,279,11.5960099750623
2020-05-12,"Одеська",7,139,20.203488372093,163,20.8173690932312
2020-05-12,"Полтавська",2,64,24.9027237354086,65,24.6212121212121
2020-05-12,"Рівненська",8,232,21.969696969697,253,21.2962962962963
2020-05-12,"Сумська",0,10,6.32911392405063,10,6.09756097560976
2020-05-12,"Тернопільська",2,239,23.2716650438169,246,22.7777777777778
2020-05-12,"Харківська",9,170,25.1479289940828,193,23.6519607843137
2020-05-12,"Херсонська",1,26,15.5688622754491,26,15.3846153846154
2020-05-12,"Хмельницька",3,22,11.1675126903553,26,9.73782771535581
2020-05-12,"Черкаська",0,78,22.4137931034483,82,21.7506631299735
2020-05-12,"Чернівецька",1,394,16.1475409836066,422,15.4635397581532
2020-05-12,"Чернігівська",1,15,17.6470588235294,19,15.5737704918033
2020-05-13,"Вінницька",0,191,28.8956127080182,201,26.6932270916335
2020-05-13,"Волинська",1,125,22.2419928825623,146,22.992125984252
2020-05-13,"Дніпропетровська",2,195,24.9679897567222,205,24.3179122182681
2020-05-13,"Донецька",0,37,31.3559322033898,38,29.0076335877863
2020-05-13,"Житомирська",0,155,29.0806754221388,158,27.5261324041812
2020-05-13,"Закарпатська",3,195,24.1935483870968,209,22.9418221734358
2020-05-13,"Запорізька",1,63,17.7966101694915,64,16.6233766233766
2020-05-13,"Івано-Франківська",1,266,22.6190476190476,272,21.9709208400646
2020-05-13,"Київська",5,168,16.030534351145,194,16.234309623431
2020-05-13,"м. Київ",8,246,11.373092926491,279,11.5960099750623
2020-05-13,"Кіровоградська",0,168,39.1608391608392,169,38.2352941176471
2020-05-13,"Львівська",6,195,21.4994487320838,206,18.7613843351548
2020-05-13,"Миколаївська",0,44,19.2139737991266,49,18.5606060606061
2020-05-13,"Одеська",2,141,20.2295552367288,163,20.8173690932312
2020-05-13,"Полтавська",0,64,24.8062015503876,65,24.6212121212121
2020-05-13,"Рівненська",3,235,21.8198700092851,253,21.2962962962963
2020-05-13,"Тернопільська",1,240,23.2558139534884,246,22.7777777777778
2020-05-13,"Харківська",10,180,25.1748251748252,193,23.6519607843137
2020-05-13,"Хмельницька",0,22,10.5263157894737,26,9.73782771535581
2020-05-13,"Черкаська",0,78,22.3495702005731,82,21.7506631299735
2020-05-13,"Чернівецька",8,402,16.0095579450418,422,15.4635397581532
2020-05-13,"Чернігівська",1,16,17.7777777777778,19,15.5737704918033
2020-05-14,"Вінницька",5,196,28.9940828402367,201,26.6932270916335
2020-05-14,"Волинська",11,136,23.1292517006803,146,22.992125984252
2020-05-14,"Дніпропетровська",3,198,25.031605562579,205,24.3179122182681
2020-05-14,"Донецька",1,38,31.9327731092437,38,29.0076335877863
2020-05-14,"Житомирська",0,155,28.7569573283859,158,27.5261324041812
2020-05-14,"Закарпатська",2,197,23.9368165249089,209,22.9418221734358
2020-05-14,"Запорізька",0,63,17.2602739726027,64,16.6233766233766
2020-05-14,"Івано-Франківська",2,268,22.4080267558528,272,21.9709208400646
2020-05-14,"Київська",4,172,16,194,16.234309623431
2020-05-14,"м. Київ",16,262,11.7541498429789,279,11.5960099750623
2020-05-14,"Кіровоградська",1,169,38.9400921658986,169,38.2352941176471
2020-05-14,"Львівська",6,201,21.2923728813559,206,18.7613843351548
2020-05-14,"Миколаївська",2,46,19.4092827004219,49,18.5606060606061
2020-05-14,"Одеська",6,147,20.0545702592087,163,20.8173690932312
2020-05-14,"Рівненська",1,236,21.5328467153285,253,21.2962962962963
2020-05-14,"Сумська",0,10,6.2111801242236,10,6.09756097560976
2020-05-14,"Тернопільська",4,244,23.0406043437205,246,22.7777777777778
2020-05-14,"Харківська",8,188,24.7368421052632,193,23.6519607843137
2020-05-14,"Херсонська",0,26,15.3846153846154,26,15.3846153846154
2020-05-14,"Хмельницька",0,22,9.77777777777778,26,9.73782771535581
2020-05-14,"Черкаська",1,79,22.5071225071225,82,21.7506631299735
2020-05-14,"Чернівецька",5,407,15.6779661016949,422,15.4635397581532
2020-05-14,"Чернігівська",2,18,17.1428571428571,19,15.5737704918033
2020-05-15,"Вінницька",1,197,27.7464788732394,201,26.6932270916335
2020-05-15,"Волинська",4,140,23.1788079470199,146,22.992125984252
2020-05-15,"Дніпропетровська",2,200,24.7831474597274,205,24.3179122182681
2020-05-15,"Донецька",0,38,30.8943089430894,38,29.0076335877863
2020-05-15,"Житомирська",0,155,28.6506469500924,158,27.5261324041812
2020-05-15,"Закарпатська",11,208,23.3707865168539,209,22.9418221734358
2020-05-15,"Запорізька",0,63,16.622691292876,64,16.6233766233766
2020-05-15,"Івано-Франківська",2,270,22.3695111847556,272,21.9709208400646
2020-05-15,"Київська",5,177,15.9459459459459,194,16.234309623431
2020-05-15,"Кіровоградська",0,169,38.5844748858447,169,38.2352941176471
2020-05-15,"Львівська",1,202,20.6332992849847,206,18.7613843351548
2020-05-15,"Миколаївська",0,46,19.2468619246862,49,18.5606060606061
2020-05-15,"м. Київ",2,264,11.3597246127367,279,11.5960099750623
2020-05-15,"Одеська",2,149,20.2170963364993,163,20.8173690932312
2020-05-15,"Полтавська",1,65,24.7148288973384,65,24.6212121212121
2020-05-15,"Рівненська",5,241,21.3463241806909,253,21.2962962962963
2020-05-15,"Сумська",0,10,6.17283950617284,10,6.09756097560976
2020-05-15,"Тернопільська",0,244,22.9323308270677,246,22.7777777777778
2020-05-15,"Харківська",0,188,24.2268041237113,193,23.6519607843137
2020-05-15,"Хмельницька",2,24,9.41176470588235,26,9.73782771535581
2020-05-15,"Черкаська",0,79,21.7032967032967,82,21.7506631299735
2020-05-15,"Чернівецька",6,413,15.6202723146747,422,15.4635397581532
2020-05-15,"Чернігівська",0,18,15.6521739130435,19,15.5737704918033
2020-05-16,"Вінницька",2,199,27.2976680384088,201,26.6932270916335
2020-05-16,"Волинська",2,142,22.9402261712439,146,22.992125984252
2020-05-16,"Дніпропетровська",5,205,24.4922341696535,205,24.3179122182681
2020-05-16,"Донецька",0,38,29.0076335877863,38,29.0076335877863
2020-05-16,"Житомирська",0,155,28.3363802559415,158,27.5261324041812
2020-05-16,"Закарпатська",1,209,23.3780760626398,209,22.9418221734358
2020-05-16,"Запорізька",0,63,16.4490861618799,64,16.6233766233766
2020-05-16,"Івано-Франківська",2,272,22.2768222768223,272,21.9709208400646
2020-05-16,"Київська",13,190,16.3090128755365,194,16.234309623431
2020-05-16,"Кіровоградська",0,169,38.4090909090909,169,38.2352941176471
2020-05-16,"Львівська",1,203,19.7087378640777,206,18.7613843351548
2020-05-16,"Миколаївська",0,46,19.0082644628099,49,18.5606060606061
2020-05-16,"м. Київ",14,278,11.6659672681494,279,11.5960099750623
2020-05-16,"Одеська",3,152,20.1058201058201,163,20.8173690932312
2020-05-16,"Полтавська",0,65,24.6212121212121,65,24.6212121212121
2020-05-16,"Рівненська",8,249,21.4101461736887,253,21.2962962962963
2020-05-16,"Тернопільська",2,246,22.8412256267409,246,22.7777777777778
2020-05-16,"Харківська",3,191,24.238578680203,193,23.6519607843137
2020-05-16,"Хмельницька",2,26,9.73782771535581,26,9.73782771535581
2020-05-16,"Черкаська",1,80,21.4477211796247,82,21.7506631299735
2020-05-16,"Чернівецька",7,420,15.6366344005957,422,15.4635397581532
2020-05-16,"Чернігівська",0,18,15.3846153846154,19,15.5737704918033
2020-05-17,"Вінницька",2,201,27.3097826086957,201,26.6932270916335
2020-05-17,"Волинська",4,146,23.2854864433812,146,22.992125984252
2020-05-17,"Дніпропетровська",0,205,24.3179122182681,205,24.3179122182681
2020-05-17,"Житомирська",3,158,27.9646017699115,158,27.5261324041812
2020-05-17,"Закарпатська",0,209,23.0429988974642,209,22.9418221734358
2020-05-17,"Запорізька",1,64,16.6233766233766,64,16.6233766233766
2020-05-17,"Івано-Франківська",0,272,22.2040816326531,272,21.9709208400646
2020-05-17,"Київська",4,194,16.3713080168776,194,16.234309623431
2020-05-17,"Кіровоградська",0,169,38.2352941176471,169,38.2352941176471
2020-05-17,"Львівська",2,205,19.176800748363,206,18.7613843351548
2020-05-17,"Миколаївська",3,49,18.5606060606061,49,18.5606060606061
2020-05-17,"м. Київ",1,279,11.6056572379368,279,11.5960099750623
2020-05-17,"Одеська",8,160,20.8333333333333,163,20.8173690932312
2020-05-17,"Рівненська",1,250,21.3492741246798,253,21.2962962962963
2020-05-17,"Сумська",0,10,6.09756097560976,10,6.09756097560976
2020-05-17,"Тернопільська",0,246,22.7777777777778,246,22.7777777777778
2020-05-17,"Харківська",0,191,24.1772151898734,193,23.6519607843137
2020-05-17,"Черкаська",1,81,21.6,82,21.7506631299735
2020-05-17,"Чернівецька",2,422,15.6007393715342,422,15.4635397581532
2020-05-17,"Чернігівська",1,19,15.8333333333333,19,15.5737704918033
2020-05-18,"Вінницька",0,201,26.6932270916335,201,26.6932270916335
2020-05-18,"Волинська",0,146,22.992125984252,146,22.992125984252
2020-05-18,"Житомирська",0,158,27.5261324041812,158,27.5261324041812
2020-05-18,"Закарпатська",0,209,22.9418221734358,209,22.9418221734358
2020-05-18,"Івано-Франківська",0,272,21.9709208400646,272,21.9709208400646
2020-05-18,"Київська",0,194,16.234309623431,194,16.234309623431
2020-05-18,"Львівська",1,206,18.7613843351548,206,18.7613843351548
2020-05-18,"м. Київ",0,279,11.5960099750623,279,11.5960099750623
2020-05-18,"Одеська",3,163,20.8173690932312,163,20.8173690932312
2020-05-18,"Рівненська",3,253,21.2962962962963,253,21.2962962962963
2020-05-18,"Харківська",2,193,23.6519607843137,193,23.6519607843137
2020-05-18,"Черкаська",1,82,21.7506631299735,82,21.7506631299735
2020-05-18,"Чернівецька",0,422,15.4635397581532,422,15.4635397581532
2020-05-18,"Чернігівська",0,19,15.5737704918033,19,15.5737704918033
